x,y,z,uuid,type,alive,display_name,custom_name
-33.5,83.0,-24.5,b3ec5467-59be-4dd0-a90d-dfc5d55b7be4,minecraft:end_crystal,true,End Crystal,[null]
-41.5,98.0,-0.5,5bac2e49-7750-4506-bf98-127a711a21a6,minecraft:end_crystal,true,End Crystal,[null]
-33.5,101.0,24.5,0a18514e-936c-49fc-a777-2b02483d13cf,minecraft:end_crystal,true,End Crystal,[null]
-12.5,80.0,-39.5,008b37fd-011a-41d5-b26e-a80cd37e126e,minecraft:end_crystal,true,End Crystal,[null]
-12.5,86.0,39.5,3cd7a12c-aa91-47f5-a7a0-df9f9a82ece3,minecraft:end_crystal,true,End Crystal,[null]
12.5,95.0,-39.5,4437d79a-2f08-4e65-b973-d83bde438c7e,minecraft:end_crystal,true,End Crystal,[null]
12.5,89.0,39.5,fe147177-2881-4424-b1cc-0cca8c70df0f,minecraft:end_crystal,true,End Crystal,[null]
33.5,92.0,-24.5,ec02fef1-9747-44f7-b82d-52ef52abf99d,minecraft:end_crystal,true,End Crystal,[null]
42.5,104.0,0.5,8672385f-067c-4da3-b117-7d51b65f251f,minecraft:end_crystal,true,End Crystal,[null]
33.5,77.0,24.5,c9a2e2d5-1ae3-49df-917b-9db1f42081f5,minecraft:end_crystal,true,End Crystal,[null]
