x,y,z,uuid,type,alive,display_name,custom_name
-99.23520817503906,31.5,35.1434658476723,b715fa28-ec93-48fd-bf8d-b8974eebb45d,minecraft:strider,true,Strider,[null]
-85.97399250693441,31.5,-53.05344957395852,84be37b3-60b9-4597-9b96-4c996fcc178c,minecraft:strider,true,Strider,[null]
-87.13995070983451,31.5,47.835832221162036,17c0bacb-415f-43e5-bfb0-39c3e22f68d0,minecraft:strider,true,Strider,[null]
-79.55000001192093,31.5,-61.49005764284339,aab32bc8-63eb-41e0-8731-75eb411f8fe8,minecraft:strider,true,Strider,[null]
-86.12221132967379,31.5,-50.812832837003704,64e289f9-5b6c-4dcf-9d08-3d0063a6245a,minecraft:strider,true,Strider,[null]
-54.50186672866288,31.5,27.15695254512886,f87cb191-0dab-48bc-8099-6cd0cab672c0,minecraft:strider,true,Strider,[null]
-56.1324558498413,31.5,32.150685639230396,2fa07502-179b-4234-bf1a-bb74fc91f6f6,minecraft:strider,true,Strider,[null]
-44.86529686120205,31.5,20.846379942085278,d78d6633-873f-4362-b084-00b6eae6dead,minecraft:strider,true,Strider,[null]
40.787256658622134,88.0,72.54568501710541,cb2b5fe2-9a89-480f-bd64-51706b6a4bf4,minecraft:strider,true,Strider,[null]
67.14301207189423,31.5,-3.2289347585688124,d1b9c240-d87a-4c32-8fe0-fd365a8b4332,minecraft:strider,true,Strider,[null]
58.23319141804985,31.5,-6.151440511816756,772760bf-3e97-42c0-879c-be586b25c355,minecraft:strider,true,Strider,[null]
61.85396696423897,31.5,120.54519612074532,d52a8a91-6274-4dc3-a0af-fecd7d3557c0,minecraft:strider,true,Strider,[null]
84.15547063266433,31.5,-71.77825736384203,e239a0dc-9f5f-4e67-a93f-f2f7f4f2fee5,minecraft:strider,true,Strider,[null]
77.84273310409894,31.5,-103.22297472899717,93f34c96-6522-44b6-932b-908c2bd20d88,minecraft:strider,true,Strider,[null]
92.78059839424378,31.5,-57.86440223435824,626f205b-9bdf-46d3-b223-76d00b1fe38e,minecraft:strider,true,Strider,[null]
120.14418836214814,31.5,-90.79219680152619,8e970e82-306b-4171-be31-d30e1c892182,minecraft:strider,true,Strider,[null]
120.19805173277064,31.5,-85.8922397397843,698971e8-a87b-48e8-aac8-8f781cc7f68c,minecraft:strider,true,Strider,[null]
11.142454620993421,31.5,135.16339993205713,3ad02326-a2c6-4c30-b605-b0c5bba9ac1e,minecraft:strider,true,Strider,[null]
20.43251083073043,31.5,-131.17410689370894,629316b6-b2c3-47c7-96c5-4a286ed28fc9,minecraft:strider,true,Strider,[null]
23.77124786897818,31.5,-110.85576539720432,c5d57e91-93fd-41ba-8112-bc54db790b18,minecraft:strider,true,Strider,[null]
37.18877747353347,31.5,-122.48905269339284,89b495bc-26e7-41ba-b46b-ffc50412ed93,minecraft:strider,true,Strider,[null]
77.13785638884711,31.5,120.77773053907408,a0ffbf5c-a5ee-4365-82d5-c989b18962a4,minecraft:strider,true,Strider,[null]
82.52662826663413,31.5,121.84898835057183,fc758691-f01b-4424-b30a-cca67828489f,minecraft:strider,true,Strider,[null]
128.12912151930564,31.5,-95.86203902673171,5195d300-536d-4fc5-ab55-b2e5c717ca43,minecraft:strider,true,Strider,[null]
137.0,31.5,106.0,47895f2b-ae99-461e-9a6d-c12d974b761c,minecraft:strider,true,Strider,[null]
148.0,102.5,-87.0,dcdd646f-fb3a-41e1-9e15-3ed9acc45311,minecraft:strider,true,Strider,[null]
147.0,103.29999995231628,-93.0,cc9de5b3-4040-44a5-ba53-393b51f1edee,minecraft:strider,true,Strider,[null]
-138.0,84.0,-49.0,df6d45c9-579d-4090-b806-3bb95ba5633f,minecraft:strider,true,Strider,[null]
-136.0,100.0,-12.0,cdecca87-70f9-4d7d-8d8a-05e203088967,minecraft:strider,true,Strider,[null]
-53.52188368918191,36.0,48.379983691205986,5c4b5c8f-7023-4c56-8109-3ee0df836063,minecraft:magma_cube,true,Magma Cube,[null]
-13.419119870828212,87.0,-40.39621657192203,bf9bbec0-34f1-49a6-b7fe-44d7d7e1c2e3,minecraft:magma_cube,true,Magma Cube,[null]
-57.02224551051515,36.0,-29.526758605279646,be613b9a-3d13-412c-8c5b-eade0365463e,minecraft:magma_cube,true,Magma Cube,[null]
58.211774716644825,35.0,115.26137339211692,be0acff2-7a04-469d-b980-404ef655b106,minecraft:zombified_piglin,true,Zombified Piglin,[null]
-25.834846656900467,85.0,-39.26009997725487,dfe66f4a-11ee-43b5-aa3d-adb1e49170f6,minecraft:magma_cube,true,Magma Cube,[null]
56.73990002274513,104.0,-4.676237595968971,c2c9bb09-6f03-4b4e-87e2-93827b5e1c5c,minecraft:magma_cube,true,Magma Cube,[null]
-19.199958410131238,49.0,67.88787214706605,894b3d74-b4cf-4f7d-be37-732ef8b60974,minecraft:magma_cube,true,Magma Cube,[null]
83.30712171918275,52.0,-88.67503704124249,92d9d208-961b-4aa0-993a-4710feb4a900,minecraft:magma_cube,true,Magma Cube,[null]
-13.723894019683845,45.0,40.39090600828964,68e2a490-c5d6-4415-bae3-fe04636249f3,minecraft:magma_cube,true,Magma Cube,[null]
-54.86358295390805,91.0,-27.00585801909826,cb57c11c-f283-4681-bb13-55900c3fda8b,minecraft:magma_cube,true,Magma Cube,[null]
93.18750458503624,68.0,84.32214250340128,5193c31d-e15c-4f28-bcd2-a130ca5390e2,minecraft:zombified_piglin,true,Zombified Piglin,[null]
-57.301161650698916,32.0,-16.015735892060093,50629ed8-e9d7-4bf3-a2b3-256259cd872b,minecraft:magma_cube,true,Magma Cube,[null]
73.5,60.0,8.5,fb81965c-85f5-4407-bb70-b9c2b25e3821,minecraft:wither_skeleton,true,Wither Skeleton,[null]
-45.542922309985435,53.0,-42.38439334592388,534e0421-b18e-45e3-8246-ab33373063a2,minecraft:magma_cube,true,Magma Cube,[null]
36.40543441372845,32.619410886803394,-47.670710125687755,a2dea962-10d4-4412-8671-5250ee2d2d9d,minecraft:magma_cube,true,Magma Cube,[null]
61.04039990901947,42.0,21.978920451348472,58acd788-b477-41da-8578-be84e062130e,minecraft:magma_cube,true,Magma Cube,[null]
-41.70420514531653,90.0,11.479800045490265,f460b724-5b99-4b51-bf58-6dedcf2f3f06,minecraft:magma_cube,true,Magma Cube,[null]
49.479800045490265,87.0,-59.63432171487758,0f129c9b-e128-40e8-9895-7f560e0f11ff,minecraft:magma_cube,true,Magma Cube,[null]
142.69723826212737,75.0,53.456018182153045,ee4b93ac-3131-441f-b427-6393e4af4632,minecraft:wither_skeleton,true,Wither Skeleton,[null]
27.088552058415285,107.0,-2.460328180643751,5146b9a9-1830-4136-9cc5-55c996bc44b7,minecraft:magma_cube,true,Magma Cube,[null]
46.72545165042501,40.0,22.04039990901947,58f037b9-1d13-45e7-bbe0-e9561557f20b,minecraft:magma_cube,true,Magma Cube,[null]
65.04904949003131,50.0,-42.829367167338305,6610fcf1-2c40-45f6-8084-281173e5a525,minecraft:magma_cube,true,Magma Cube,[null]
-14.650198727481616,42.0,97.52019995450974,6f13301a-ce04-4fb5-80d6-9ba00272f671,minecraft:magma_cube,true,Magma Cube,[null]
28.5,50.0,101.5,825f522c-1c34-40f7-8df8-3c7cd167bbce,minecraft:zombified_piglin,true,Zombified Piglin,[null]
13.82972159642658,35.0,112.76962914941933,b6e8fd4a-436e-43e9-a664-e1944cb68e02,minecraft:zombified_piglin,true,Zombified Piglin,[null]
-62.8232922937274,49.0,67.7791065110327,4c44c3fa-1305-4825-ae3a-e96ab098e608,minecraft:magma_cube,true,Magma Cube,[null]
-26.267823419776075,31.77347231158412,15.308264895902619,ffb87516-8cbb-4fab-a581-f697447305b2,minecraft:magma_cube,true,Magma Cube,[null]
72.5,60.0,100.5,fbb506d8-dc40-47a1-ac28-53afce5d4bb5,minecraft:zombified_piglin,true,Zombified Piglin,[null]
49.451608101226036,101.0,-20.822483810897907,9c7af9ad-0024-40e6-a200-c18a3976ec33,minecraft:magma_cube,true,Magma Cube,[null]
25.128910464033886,67.0,-45.668047742985806,a2397d43-51a9-4755-878e-5e0ee110d170,minecraft:magma_cube,true,Magma Cube,[null]
110.24058389929205,37.0,39.00639755739337,ac2c44b5-313a-4e50-83ba-cf877d33138a,minecraft:magma_cube,true,Magma Cube,[null]
-29.414219445867605,32.801681672172265,12.42685591009642,fbc82dc6-36c1-402a-9b37-b40c067365a3,minecraft:magma_cube,true,Magma Cube,[null]
141.17977880799376,42.0,-48.24346137421215,ebbedec9-b9ad-40e7-a439-ddd471133014,minecraft:zombified_piglin,true,Zombified Piglin,[null]
-25.333101632931555,90.0,-27.656327982697583,bafa4da5-fcff-4e1a-9ff3-272efb0ae276,minecraft:magma_cube,true,Magma Cube,[null]
57.5,59.0,79.5,2bd7d44c-1fd9-448b-9046-cb5ff7d05fe0,minecraft:wither_skeleton,true,Wither Skeleton,[null]
56.78779719346096,59.0,99.15661063598107,de2fd668-1118-4b01-bd15-2758cf328e0e,minecraft:zombified_piglin,true,Zombified Piglin,[null]
-61.63212013590747,55.0,-74.03528305489664,adcafe76-ebab-4a6c-8290-41de16ef295b,minecraft:magma_cube,true,Magma Cube,[null]
-33.575064961071725,39.0,95.52019995450974,6eedc88c-cdf9-4034-a54e-68a38027dcb1,minecraft:magma_cube,true,Magma Cube,[null]
-46.95960009098053,32.0,-7.894727170319392,2f491549-2f7d-485d-ad48-8edd7aaf1f39,minecraft:magma_cube,true,Magma Cube,[null]
24.25643164283317,40.0,74.52147377520237,9870e79f-7835-4c1b-ab73-33761891ed5b,minecraft:magma_cube,true,Magma Cube,[null]
27.436159658229442,40.0,86.47980004549026,7ffc176d-02b4-48e7-8882-26de8ab7c872,minecraft:magma_cube,true,Magma Cube,[null]
54.4774147034375,94.0,96.27749650711009,04c8c9d5-b98b-442a-808b-5324b0188f2e,minecraft:zombified_piglin,true,Zombified Piglin,[null]
14.359144264380253,86.0,4.95960009098053,48e9a50e-496b-432a-b870-511cca691e21,minecraft:magma_cube,true,Magma Cube,[null]
-10.845509337488027,81.0,10.006368595194855,63a171c8-9d69-45c9-b539-deebb5a2ea92,minecraft:magma_cube,true,Magma Cube,[null]
-55.520199954509735,50.35527124134564,-49.520199954509735,39515ee2-285a-491d-a039-45f423cf88ff,minecraft:magma_cube,true,Magma Cube,[null]
93.24658357148206,31.479800045490265,-8.848005632916209,44bbcabd-c423-4df7-b049-3c6f273dd899,minecraft:magma_cube,true,Magma Cube,[null]
51.857846881649394,32.0,-39.724993481025614,52950133-66e3-4ed5-a90e-e8c08a4594c4,minecraft:magma_cube,true,Magma Cube,[null]
-0.09434213914624948,102.0,39.707245557757204,30cb159e-32e8-4183-a908-3542b9bcb7a9,minecraft:magma_cube,true,Magma Cube,[null]
85.13244475274469,67.0,-74.70000459252964,dc033f87-203d-4c64-8a36-d022ca360f65,minecraft:magma_cube,true,Magma Cube,[null]
-53.26009997725487,32.53056095545082,-36.26009997725487,b17699e0-9b2b-41e9-b405-7a780c44f4c0,minecraft:magma_cube,true,Magma Cube,[null]
7.875315683468585,99.0,-28.193494641550597,f7966efe-602b-41b1-a17e-11e972acb958,minecraft:magma_cube,true,Magma Cube,[null]
-36.73250627704451,33.0,32.50619141100041,2a376c36-366e-4635-b764-4e4b4ad5b964,minecraft:magma_cube,true,Magma Cube,[null]
117.5,72.0,98.5,17f22c19-1125-4842-ba38-66a8867f096f,minecraft:zombified_piglin,true,Zombified Piglin,[null]
-44.58038690604892,85.0,-27.99266259925883,622834a4-983b-4c49-9848-9abc55c2fb57,minecraft:magma_cube,true,Magma Cube,[null]
127.38038551794963,50.0,-1.3573978286271027,50f80539-1714-49ce-8bd8-e7cf34378c4a,minecraft:zombified_piglin,true,Zombified Piglin,[null]
-48.467803654027456,89.0,-31.39803235721778,59b1b4e3-72b3-44be-bfeb-1e772f02b349,minecraft:magma_cube,true,Magma Cube,[null]
-27.435543970529572,43.0,28.758260405759337,3ef59e6a-9bc0-4ae9-a706-c68325dda5db,minecraft:magma_cube,true,Magma Cube,[null]
-82.19136889205096,98.0,-9.133250568351231,2548cf01-9f36-4476-9a99-5c25f17e503a,minecraft:magma_cube,true,Magma Cube,[null]
-26.859730067693924,49.0,88.3873234273343,b52cf670-9264-41db-81e9-af9062af6ed7,minecraft:magma_cube,true,Magma Cube,[null]
85.36389531318811,51.0,-83.76877438311753,89ae09d0-b0d0-42f5-ab89-ce3b7decd628,minecraft:magma_cube,true,Magma Cube,[null]
86.38872365095153,51.0,-61.66001749009768,cb58ee48-8c35-48ac-994e-d5c16f3b711e,minecraft:magma_cube,true,Magma Cube,[null]
60.28425358666525,51.0,-40.568960012266565,628fab91-775f-4794-a12a-9609338dc3e7,minecraft:magma_cube,true,Magma Cube,[null]
128.05135147779862,64.0,60.501186569411225,a7bd17c4-e04f-40a0-99d8-0e5f94258b28,minecraft:piglin,true,Piglin,[null]
67.5,59.0,92.5,cee064eb-2002-45c3-84d7-b586a97e2bb9,minecraft:blaze,true,Blaze,[null]
59.38354388272136,38.0,75.12826560455369,20ba938f-bd14-4f78-bb69-bb88293e8b1b,minecraft:magma_cube,true,Magma Cube,[null]
83.5,117.0,74.5,91877c5c-4158-4f38-80c9-4860eae1d0d8,minecraft:zombified_piglin,true,Zombified Piglin,[null]
109.50279840085751,67.0,91.65279429406087,e0ed94db-de94-49cc-a14f-3aca1a7f7497,minecraft:blaze,true,Blaze,[null]
99.73731253545297,59.0,56.20221430084613,deb92892-5730-4279-b4e1-01eeae3795c6,minecraft:zombified_piglin,true,Zombified Piglin,[null]
-17.520199954509735,84.74444351098144,-45.520199954509735,2d0aa398-b3fa-435f-a135-75e41a56b75c,minecraft:magma_cube,true,Magma Cube,[null]
91.5,64.0,84.76309159126237,380055f4-eaad-4dd1-960a-48f4dbc72ca9,minecraft:zombified_piglin,true,Zombified Piglin,[null]
