x,y,z,type
-130,48,44,minecraft:mob_spawner
-115,40,-1,minecraft:mob_spawner
-68,-25,-32,minecraft:mob_spawner
-60,-51,-55,minecraft:mob_spawner
-122,-11,127,minecraft:mob_spawner
-50,-11,-68,minecraft:mob_spawner
36,-1,-58,minecraft:mob_spawner
102,-16,82,minecraft:mob_spawner
314,-15,-164,minecraft:mob_spawner
276,28,-276,minecraft:mob_spawner
311,-35,185,minecraft:mob_spawner
211,23,84,minecraft:mob_spawner
230,-27,79,minecraft:mob_spawner
183,-25,170,minecraft:mob_spawner
177,-20,176,minecraft:mob_spawner
252,65,-109,minecraft:furnace
252,66,-109,minecraft:furnace
191,47,-25,minecraft:mob_spawner
190,48,-84,minecraft:mob_spawner
205,40,-120,minecraft:mob_spawner
244,-26,-186,minecraft:mob_spawner
243,71,-169,minecraft:bell
304,-8,-320,minecraft:mob_spawner
247,18,-335,minecraft:mob_spawner
138,45,-46,minecraft:mob_spawner
83,-46,-320,minecraft:mob_spawner
65,-33,-349,minecraft:mob_spawner
-1,-48,-265,minecraft:mob_spawner
-25,-6,-219,minecraft:mob_spawner
-16,-4,139,minecraft:mob_spawner
-108,-49,155,minecraft:mob_spawner
-179,43,-143,minecraft:mob_spawner
-177,45,82,minecraft:mob_spawner
-201,72,1,minecraft:brewing_stand
-81,-21,-310,minecraft:mob_spawner
-174,-30,-314,minecraft:mob_spawner
158,67,180,minecraft:bell
95,64,189,minecraft:brewing_stand
104,65,211,minecraft:furnace
104,66,211,minecraft:furnace
9,-42,275,minecraft:mob_spawner
-41,-6,224,minecraft:mob_spawner
377,66,-67,minecraft:furnace
376,66,-67,minecraft:furnace
413,-4,-115,minecraft:mob_spawner
390,-40,-12,minecraft:mob_spawner
403,-4,-74,minecraft:mob_spawner
378,-6,-151,minecraft:mob_spawner
323,3,-138,minecraft:mob_spawner
405,-4,-145,minecraft:mob_spawner
459,-2,-97,minecraft:mob_spawner
459,-7,-106,minecraft:hopper
480,-1,-66,minecraft:mob_spawner
351,-18,-208,minecraft:mob_spawner
514,31,-89,minecraft:mob_spawner
542,17,-85,minecraft:mob_spawner
530,22,-90,minecraft:mob_spawner
519,27,-113,minecraft:mob_spawner
559,21,-77,minecraft:mob_spawner
568,17,-134,minecraft:mob_spawner
551,-32,21,minecraft:mob_spawner
545,-14,-191,minecraft:mob_spawner
559,79,102,minecraft:beehive
405,63,200,minecraft:furnace
339,-49,270,minecraft:mob_spawner
474,-9,194,minecraft:mob_spawner
504,-20,176,minecraft:mob_spawner
522,-26,221,minecraft:mob_spawner
588,18,-116,minecraft:mob_spawner
