x,y,z,uuid,type,alive,display_name,custom_name
-128.25735836009406,71.0,-56.70318014941016,5d67657f-6a26-46c7-b450-d1535c11a9f0,minecraft:cow,true,Cow,[null]
-129.3920552704318,67.0,-49.55000001192093,cf4eb12a-a27b-4c9f-a500-b40d9651a669,minecraft:sheep,true,Sheep,[null]
-132.88055665624708,66.0,-31.872001239891322,55d8b001-804d-470e-bbf4-674eb35c8cc2,minecraft:horse,true,Horse,[null]
-142.8796858302427,65.0,-9.120300417026717,0c014ab4-a908-4fb9-93a0-4d7344c9f6c9,minecraft:horse,true,Horse,[null]
-135.94845668979295,65.0,-9.311368361574273,35fd15f9-6c0e-426d-908e-2cb63152bc61,minecraft:horse,true,Horse,[null]
-118.61009712747213,74.0,-90.61474877555698,4f50b805-8110-4cf5-803c-80fa59ba1081,minecraft:cow,true,Cow,[null]
-113.4754188263794,73.0,-75.66648472970375,20f4274a-7252-44cf-9288-205bb5697390,minecraft:cow,true,Cow,[null]
-119.35183147849297,72.0,-41.283126960744944,58bb42ca-71ce-49f4-ad4d-bcb314186f41,minecraft:cow,true,Cow,[null]
-116.83878031612991,72.0,-44.161825106076115,2666b272-e54d-428b-822a-db11fdf7a6c9,minecraft:sheep,true,Sheep,[null]
-119.30820027961536,64.0,-23.84792000238581,4a6315dc-4829-40cb-8793-83d7a0b0d5b0,minecraft:horse,true,Horse,[null]
-122.03599290006815,64.0,-27.96402920305198,387dc7cf-0e4f-42ba-8452-baf59ee3adf6,minecraft:horse,true,Horse,[null]
-122.5,44.0625,44.11500000953674,8c25dc9d-763e-4c4c-a63b-58218d31ee32,minecraft:chest_minecart,true,Minecart with Chest,[null]
-101.50811143702296,69.0,-53.26880015286849,439df1e5-db71-4aea-9a13-d9be3728a8b0,minecraft:sheep,true,Sheep,[null]
-105.84533582914729,74.0,-58.17048133485089,56eae9c5-0c26-4b44-a95f-8e964902618e,minecraft:sheep,true,Sheep,[null]
-115.18410633432727,72.0,-48.257167402157776,c91eb83f-64e0-45cc-bac1-b4e932616032,minecraft:cow,true,Cow,[null]
-105.54875264026505,66.0,2.4951089385371814,985fdd8a-cd56-407f-969c-c317d2a8c92f,minecraft:chicken,true,Chicken,[null]
-95.86174157174761,66.0,-61.21146890810351,8aaa3785-fc2b-419c-8c58-f81f8ea12d08,minecraft:chicken,true,Chicken,[null]
-75.21563359338752,62.0,-40.26331956752677,6a566aab-d113-43f4-ae93-8faf620eef44,minecraft:sheep,true,Sheep,[null]
-83.65376939460513,62.0,-18.172486919538905,e5ad91e8-c04d-49ae-8034-3c36cbe6f80a,minecraft:chicken,true,Chicken,[null]
-93.5681208951392,65.0,21.51346751592438,16a5120b-1fd3-4539-a0ba-13e39254b5f3,minecraft:chicken,true,Chicken,[null]
-65.8489853935018,63.0,-54.15511064543979,2d20351e-dbb9-47ee-8fbb-f1945fe0b682,minecraft:chicken,true,Chicken,[null]
-65.79283823710159,64.0,-58.73991854467477,4c1d74c9-d94c-41b3-9070-f93e4e4a6fb1,minecraft:pig,true,Pig,[null]
-76.08889528676521,64.0,0.838345943614496,8061d240-6c8e-41e6-ac6e-def8c4b17ce3,minecraft:chicken,true,Chicken,[null]
-54.78371856988597,64.0,-69.49920851337906,2bdabc00-54f0-429c-acbe-1aa545267cfa,minecraft:chicken,true,Chicken,[null]
-54.41105704374266,60.0,-36.04303704131776,12000c44-8305-4628-b0fa-c87cef32922a,minecraft:chicken,true,Chicken,[null]
-31.519791144655315,64.0,-34.75222506940317,41e2349e-8e0c-4c39-8d8c-ee1913ebbbc3,minecraft:pig,true,Pig,[null]
44.85844894541477,64.0,-89.8425758641512,9f66c598-f05c-444d-958f-086f9da291b2,minecraft:sheep,true,Sheep,[null]
41.813094693462716,63.0,-85.23688925029214,36c0b999-3592-485b-9f01-024c7912a66a,minecraft:sheep,true,Sheep,[null]
-156.32750998445775,53.953418823432614,105.36727906144002,5615f1b7-e9d6-44af-a5b8-4168434b1c8d,minecraft:drowned,true,Drowned,[null]
-142.5,44.0625,111.5,9d1bf4db-b304-4ecd-9b9e-3f51ff5d2136,minecraft:chest_minecart,true,Minecart with Chest,[null]
-138.71534510112556,48.0,111.18760653238026,d89a42c2-ae94-4edf-93b2-ce35dcd35376,minecraft:drowned,true,Drowned,[null]
-143.7554183960631,48.0,105.5679939641173,9b41fb09-65d1-4765-8bb4-7328f29bc2b5,minecraft:drowned,true,Drowned,[null]
-129.84475298202247,67.0,-151.19517582943226,e5b47b0d-1193-437e-9f56-ee36f6fea096,minecraft:sheep,true,Sheep,[null]
-134.80290820305532,67.0,-158.1554368818615,511fe72c-484f-4406-8cd7-3b153923b716,minecraft:sheep,true,Sheep,[null]
-145.2578100509217,69.0,-153.20036831568171,1c5fd8e2-14d4-46c5-b32e-3e4c81ceaa12,minecraft:sheep,true,Sheep,[null]
-111.06060405286355,53.0,100.0570677010802,40ff3998-38db-48e3-b70b-379db4dfef1a,minecraft:drowned,true,Drowned,[null]
-144.03453785460337,70.0,-85.96801084931408,82328cc2-d880-4ac3-ae3c-c5ade73e2f5d,minecraft:donkey,true,Donkey,[null]
-159.635742064571,70.0,-74.6657025569923,c4599f9d-4d95-4d89-b25f-b7aaa6d662c4,minecraft:donkey,true,Donkey,[null]
127.77795214349364,70.0,-172.85009295102427,aea65251-3821-456a-b08f-afa00d47b5eb,minecraft:chicken,true,Chicken,[null]
-150.88568163309043,69.0,-37.89336504341742,4b5ac859-f99d-4949-ae90-b5fd723ee908,minecraft:horse,true,Horse,[null]
-160.77956189879342,69.0,-40.25624161664508,a5f75d01-fe5a-4ef8-bf22-dfd2c6028ad1,minecraft:sheep,true,Sheep,[null]
-163.80000001192093,68.5,-8.506441944416226,130f957f-5124-492a-89cc-9bb3e2714b83,minecraft:villager,true,Villager,[null]
-151.86113309111255,67.0,-8.137584188841672,c2c981f3-950f-4e9a-99e8-55a033e50815,minecraft:horse,true,Horse,[null]
-162.76159087087467,65.9375,-23.97145643115364,b65c106f-5322-4838-848b-440ed7430c9b,minecraft:horse,true,Horse,[null]
-155.71705114459988,67.0,-17.186089805347212,a2922331-d96c-4b7f-8d13-b0207dcc3b2b,minecraft:pig,true,Pig,[null]
-154.66744148194857,67.0,-17.92500001192093,b1835bd2-d657-4a90-9b82-29e4b20d119b,minecraft:pig,true,Pig,[null]
127.26729728088364,66.0,-1.7589027056817954,47a1592f-9cb0-49d1-adf2-b6cf5163cbff,minecraft:pig,true,Pig,[null]
-172.5,43.0625,116.5,60990d67-b53d-433d-8b33-06351e342497,minecraft:chest_minecart,true,Minecart with Chest,[null]
-171.5,52.02499997615814,126.5,a40809d9-e13a-4b69-8f27-8174cb344ccc,minecraft:drowned,true,Drowned,[null]
-130.8351993021669,58.24471060647826,117.26783164279645,2949639c-4ae7-405d-839b-420ac6a6a996,minecraft:drowned,true,Drowned,[null]
-143.8559186008425,51.02352668568593,116.42970586623862,fe1bffe8-4357-44d4-83cc-569cde4cd86d,minecraft:drowned,true,Drowned,[null]
-147.29416786440208,70.0,-168.4988431899633,8a661d64-b85f-4ee5-82dc-63be48f5bacd,minecraft:sheep,true,Sheep,[null]
-110.30000001192093,46.19447929468815,123.58298248360495,052149e4-5596-4c3f-bfc1-2d69ac3bd0f9,minecraft:drowned,true,Drowned,[null]
-171.72694785149002,72.0,-171.81613994578095,b8f97358-6e3c-45f7-86dd-7314ce6f8714,minecraft:pig,true,Pig,[null]
-170.4376054901135,72.0,-173.14292591047243,106470e4-e4cf-4ba6-82ad-0117924387e4,minecraft:pig,true,Pig,[null]
-165.4979351603244,72.0,-161.49785990687727,0f87ceb2-41f0-41df-8b25-1ad866492113,minecraft:pig,true,Pig,[null]
-172.54135707792744,73.0,-173.80820875568142,6c08d85e-2c73-4e8b-bf7d-9b6410d388bc,minecraft:cat,true,Cat,[null]
120.13353114797164,67.0,-164.14080159816402,c1abc9dc-f0fd-45c1-81cd-fde527ba1400,minecraft:chicken,true,Chicken,[null]
-163.83728377074527,70.0,-76.8571682446034,9efbb2da-b775-42a9-9717-698204f414e1,minecraft:donkey,true,Donkey,[null]
-173.75798827408025,71.0,-51.8052243800884,c5541982-da22-4015-a4fd-c61342426674,minecraft:pig,true,Pig,[null]
366.6015189746006,67.0,-78.06074212100012,c7797be3-898d-3cca-8d09-70e0d7372e6f,minecraft:player,true,AmiAkibNa,[null]
286.50077933012244,64.0,-70.04128558400576,e4b22d0d-7dd4-4458-89c8-01bdab983455,minecraft:pig,true,Pig,[null]
272.4658664923786,67.0,-73.18482721533319,5ea7ae02-d437-4dde-853d-c780149b821f,minecraft:cow,true,Cow,[null]
363.6642979712267,-14.0,-157.3080067867644,83ad0f8f-c5f1-4404-8c13-d28fc9f95ec4,minecraft:skeleton,true,Skeleton,[null]
315.08381530829865,64.0,-23.82694500416307,f9accdb7-c909-4bd8-84ea-d1e395dcf400,minecraft:cow,true,Cow,[null]
377.5,-8.9375,-85.5,da522022-390e-423c-9a91-b226a656dc04,minecraft:chest_minecart,true,Minecart with Chest,[null]
397.5,-9.9375,-80.5,01fe96de-23aa-4e3f-8dcc-127bb43105bc,minecraft:chest_minecart,true,Minecart with Chest,[null]
377.51062733222494,66.0,-60.21867292152613,621e6fd6-5410-4c55-afbe-acbaee6c9f1d,minecraft:sheep,true,Sheep,[null]
281.5,-8.0,-94.5,0bf51ad6-53b6-4584-9f46-3639b2227d19,minecraft:spider,true,Spider,[null]
399.07775497044565,70.0,-103.15555945616708,5dc081f1-8266-4310-bb00-c3e4e3500b22,minecraft:chicken,true,Chicken,[null]
407.7896751800483,71.0,-92.81932457208467,538bc30e-6279-427e-ab2c-ec0c30155a69,minecraft:pig,true,Pig,[null]
409.5,-9.9375,-75.5,a0cb48a3-34ea-432f-9e0e-8ecdcdc15f69,minecraft:chest_minecart,true,Minecart with Chest,[null]
420.1572486524354,72.0,-72.91763345115879,37db7f2f-fd7f-43a4-b166-bad694211ee3,minecraft:chicken,true,Chicken,[null]
313.49600240556686,-36.0,-28.30688865391232,43be59db-301f-4711-b2cd-e0de33e0cedc,minecraft:creeper,true,Creeper,[null]
363.7847332300768,68.0,-133.14006823471834,14ba5693-5edd-4aa9-9328-c9702405f61a,minecraft:chicken,true,Chicken,[null]
419.5,-4.9375,-89.5,40e88241-b57b-4cc8-bfba-c5f7dfac9b4e,minecraft:chest_minecart,true,Minecart with Chest,[null]
426.0748564840199,72.0,-92.90319381399888,9331207f-0aa0-4514-b4b0-d5fcda36002e,minecraft:chicken,true,Chicken,[null]
352.1931837543074,66.0,-14.756961519067143,00f67718-4b47-4315-b575-9e1e5f4888f2,minecraft:pig,true,Pig,[null]
419.5,-0.9375,-107.5,ef3e563b-5bb0-422a-ab69-5cb741429935,minecraft:chest_minecart,true,Minecart with Chest,[null]
325.8363804993718,67.0,-31.163594568463424,b2e60de5-1e10-4b9f-bfe3-f039700f71f2,minecraft:pig,true,Pig,[null]
425.72714290190527,80.0,-29.217028045246003,f2975b6d-c1d0-49eb-b239-cad671ec1468,minecraft:sheep,true,Sheep,[null]
360.5,-5.9375,-128.5,6a7b8a53-f05f-4603-ba9f-8fb4ebeaf215,minecraft:chest_minecart,true,Minecart with Chest,[null]
266.3672643824189,64.0,-95.21285340192841,087f8d20-69f2-443a-9400-7bb80d1720ee,minecraft:cow,true,Cow,[null]
265.67550909609565,65.0,-85.7227332873429,404e16cd-af6e-4940-ac3a-0b92d278d623,minecraft:cow,true,Cow,[null]
339.24060385435297,67.0,34.82705512682318,8e8c61b6-c673-40a7-af90-d9cdc47ec168,minecraft:chicken,true,Chicken,[null]
417.5,-48.0,-57.5,a6e20b43-e40b-47ef-abec-3edb92438ae0,minecraft:enderman,true,Enderman,[null]
266.8147635880178,63.0,-53.2506443571706,36f03546-0aff-46a1-bda9-a91fe3613416,minecraft:cow,true,Cow,[null]
322.6775072148411,58.79756269632461,-86.49854071715019,f0aa3b49-27fa-44a3-bf54-0e0ef26eee9a,minecraft:salmon,true,Salmon,[null]
404.53265658770295,-40.0,-35.2274119903416,d18f811e-cd7e-4722-b4f2-0f6cc78812ae,minecraft:skeleton,true,Skeleton,[null]
438.5,-9.0,-134.5,757b07df-ed86-4310-baf0-ff200e514d5f,minecraft:creeper,true,Creeper,[null]
325.5,-12.0,-19.5,6cb93969-afe6-4162-a523-b882d35d5520,minecraft:zombie,true,Zombie,[null]
367.75,-36.89999997615814,-77.25,611879a4-05de-4e66-b1af-12b663bedd14,minecraft:bat,true,Bat,[null]
386.9269407853289,67.0,-135.1474093070715,c3a64d48-dcdb-44cf-ba95-b4b83f92276d,minecraft:chicken,true,Chicken,[null]
363.12577988019603,68.0,-121.12417025343025,0ac2e68d-b4f4-4899-bba1-81a14f455a1f,minecraft:chicken,true,Chicken,[null]
370.8254110098321,66.0,-29.19540497374321,24beacb9-d768-486b-9f2b-76607592bd56,minecraft:pig,true,Pig,[null]
437.12899394519894,77.0,-58.84638907875721,36b7c968-81d3-48f9-8665-7860f8d4dbf7,minecraft:horse,true,Horse,[null]
443.69613153252095,79.0,-66.82547147169727,ecce5ff9-5741-4450-a590-10cf4ff15ab4,minecraft:horse,true,Horse,[null]
383.1495108364535,68.0,-153.85037495438883,17adc389-be3c-4fa2-8552-7133e46507e9,minecraft:chicken,true,Chicken,[null]
372.5595005143566,68.0,-145.06598067513556,65aa0ac9-5d4a-43a5-843a-361139bae800,minecraft:chicken,true,Chicken,[null]
368.21588904486964,69.0,4.258880042786296,2c079a8c-d484-4dd9-9251-9ac463c6ed66,minecraft:pig,true,Pig,[null]
353.73651810887594,68.0,13.238288439334314,77063d01-91cb-4189-b7ee-7a17f140fba2,minecraft:pig,true,Pig,[null]
439.2379968222135,84.0,-29.19390938541674,26723b48-30c2-489f-a612-d9e9b4f78a5b,minecraft:sheep,true,Sheep,[null]
468.24122975918976,92.0,-84.47503783804585,3de94004-2d0e-4194-8dc6-b506e613b1b7,minecraft:pig,true,Pig,[null]
454.4734614149613,80.0,-61.12989838932103,9a899e64-cb6e-4961-9b35-0cf39c83b862,minecraft:pig,true,Pig,[null]
456.92435555819844,83.0,-69.92433657511732,67899a8f-a019-4579-8b08-f9cec58ef0cd,minecraft:horse,true,Horse,[null]
367.5,-45.0,-78.5,b8297e36-a317-459b-ac8c-161edc95aaf4,minecraft:skeleton,true,Skeleton,[null]
342.5,-32.0,-101.5,8793b2a8-836d-4885-9439-6d840e71a406,minecraft:zombie,true,Zombie,[null]
243.24463567225376,64.0,-95.81188595446852,992177d9-42cf-452f-ba7e-915b78c708c2,minecraft:cow,true,Cow,[null]
255.14815481791283,64.0,-52.78043955781038,81f7b2d7-d55f-4667-8f5c-0ac0ad626e5e,minecraft:cow,true,Cow,[null]
364.70586229286624,-2.0180188175952685,-134.70195720077433,aaa4bb85-e789-4f08-8033-27d5aaffea31,minecraft:bat,true,Bat,[null]
263.87600571569317,64.0,-108.12397601921867,df83c441-a774-4a94-b562-2cb0a0b21eea,minecraft:cow,true,Cow,[null]
370.83263274864646,-19.3125,-113.59112764801557,eca83aa4-957a-4205-9bd9-c11033c2183d,minecraft:zombie,true,Zombie,[null]
236.6023841801778,69.0,-195.81856636950187,87c0551e-a218-4409-8289-648b188fce56,minecraft:villager,true,Librarian,[null]
227.78512777683264,69.0,59.57363211439318,f159908b-a37a-4a68-b1e0-eca4942797a4,minecraft:horse,true,Horse,[null]
312.4503363827777,68.0,-223.3063917934893,70dce48c-97b2-4ee4-836d-ff54992bdaf2,minecraft:horse,true,Horse,[null]
236.93479041445102,70.0,64.63408625299178,32aff448-d6e2-4320-8602-64ae61d26eed,minecraft:horse,true,Horse,[null]
231.980965495083,70.0,60.93718853500723,703c0605-88e5-4435-bfb3-10dfca892b9f,minecraft:sheep,true,Sheep,[null]
305.18269145784416,67.0,7.461852560436315,4d4628be-f892-4c7d-888b-b57f3a1f608b,minecraft:cow,true,Cow,[null]
229.42277529441313,69.0,59.037598386151046,209fc634-5f91-4ed5-ade2-6725323d2d07,minecraft:horse,true,Horse,[null]
323.76718589367033,-40.0,-105.17762402685365,cba5b5ea-fb43-4323-adbb-c7ee3a9d3234,minecraft:skeleton,true,Skeleton,[null]
350.73576684153596,66.0,1.640337770381177,223e610a-cbbc-4d07-b803-fcfdc1414582,minecraft:pig,true,Pig,[null]
335.7672980321417,68.0,21.230564661137407,e2781d6f-20a7-4634-8600-f8454ba07460,minecraft:pig,true,Pig,[null]
354.22080689330954,67.0,-160.86830956972315,62f4a49a-f7cc-4398-89dc-00152af11be4,minecraft:chicken,true,Chicken,[null]
423.1102112515501,71.0,-132.19986860547624,c870452c-1acd-455c-8af9-4cc35f2be086,minecraft:chicken,true,Chicken,[null]
383.88209888613665,68.0,-168.518879407105,db51b0ba-3bf1-422b-b1a3-c1173b984b11,minecraft:chicken,true,Chicken,[null]
441.79052506152857,85.0,-29.844910801979815,e51e6492-cf99-4c24-aa47-5c901c73d9ae,minecraft:sheep,true,Sheep,[null]
448.5,-6.9375,-35.5,4519becd-a402-4fe9-b667-40a4d2f10e0f,minecraft:chest_minecart,true,Minecart with Chest,[null]
467.84166316362354,91.0,-86.8502314167964,a1ac4b8a-d8ab-4f74-8d70-bdcb363003ee,minecraft:horse,true,Horse,[null]
481.10121488838917,87.0,-68.99471290795259,db0abcbc-08c6-42f4-8c95-93902af483c2,minecraft:horse,true,Horse,[null]
369.7621286825064,69.0,-189.7654293547054,bbbeb6b4-568d-4dbb-9283-40e4854ef732,minecraft:cat,true,Cat,[null]
357.5,-13.0,-72.5,7ec274b5-81ae-4504-8513-57c99a118102,minecraft:zombie,true,Zombie,[null]
383.41049752107716,-5.3125,-92.59095948636494,e2df7665-f10e-4e1a-b606-196ff35d39c2,minecraft:skeleton,true,Skeleton,[null]
343.4531919288661,-32.0,-85.18624254222182,1d8485a6-c863-4904-932f-c95aacfdeb5d,minecraft:zombie,true,Zombie,[null]
437.2216882076285,67.0,73.22087029870586,cdfba961-5d8a-4547-8f14-e274bedcfc26,minecraft:sheep,true,Sheep,[null]
236.78074820522212,69.0,-199.14975018149707,3c86998f-bdbe-4f35-98c8-0eedbe42f412,minecraft:villager,true,Librarian,[null]
558.5,17.0625,-54.5,faf8345b-f6fc-4395-9833-4243171dd681,minecraft:chest_minecart,true,Minecart with Chest,[null]
558.5,17.0625,-59.5,6a616da1-aacc-4359-9bdc-6953a41ea84c,minecraft:chest_minecart,true,Minecart with Chest,[null]
293.63566072771783,69.0,-212.86882377624457,3ed7ede5-bb6f-458a-adfb-0633c70f9b29,minecraft:sheep,true,Sheep,[null]
240.4943645593423,65.0,-131.18167413835087,4bf6e21e-28d7-445a-9118-967bdd20b79c,minecraft:villager,true,Leatherworker,[null]
250.24674732329748,65.0,-139.8419996206664,a07375cd-dd54-4408-89a7-788ce933a756,minecraft:villager,true,Mason,[null]
374.29412108451305,66.0,-67.4942661209574,fc1c7f89-4bfb-39c2-89a0-d1732614703e,minecraft:player,true,xxxTASHINxxx,[null]
341.2609632093772,-30.0,-105.45785656740816,26eaaa72-7840-4c86-a43e-e5a57b778a7a,minecraft:skeleton,true,Skeleton,[null]
312.197362638221,70.0,22.499224527224587,1af64ba6-f4cf-4045-989e-bff7d7ed54af,minecraft:cow,true,Cow,[null]
449.4999522778089,84.0,-24.746566904690383,29808bd4-3c0b-446f-b4ad-dff555aa0fe3,minecraft:pig,true,Pig,[null]
349.20345034902,-24.0,-102.51665647154117,fd682bc9-e0e3-4b68-bb1e-ef81caa9f12f,minecraft:zombie,true,Zombie,[null]
342.10595121668086,65.0,51.58212040327293,46546a80-238f-423f-954d-f8f91730d434,minecraft:chicken,true,Chicken,[null]
369.8703457925421,-16.899999976158142,-67.75,8c6a4be3-8e34-4832-8d22-f3fbc4532eb3,minecraft:bat,true,Bat,[null]
368.60349868446514,6.0,-120.70778073272663,c376388f-5492-4bcf-9e53-36c673c30601,minecraft:skeleton,true,Skeleton,[null]
451.283203125,67.0,84.53466796875,08ab3445-aab5-448b-9e56-ba7ce5d5b61b,minecraft:item,true,Egg,[null]
236.78780874061363,70.0,-267.212749066928,88f2812e-26fc-492a-a94e-3ae398f958a0,minecraft:pig,true,Pig,[null]
563.8583696206003,70.0,-172.1087666604049,1815d099-1857-4ec2-99e9-ee3045daefc1,minecraft:horse,true,Horse,[null]
560.750971861495,76.0,-160.48258768882687,0f50a3e1-80e6-4526-8e13-ba7f8f07504b,minecraft:pig,true,Pig,[null]
462.867431640625,81.0,-110.42822265625,0c57e231-e61e-43a6-b26d-fe32de5020a0,minecraft:item,true,Egg,[null]
443.1432702194987,68.0,107.40314094678563,05e130a1-e878-4b33-b1b9-9d99d3594d2d,minecraft:chicken,true,Chicken,[null]
573.9454939508512,99.0,-65.4378307832374,94985a09-92c4-4b71-927f-bba11f9688b7,minecraft:pig,true,Pig,[null]
319.5,-43.0,-97.5,fbdf2862-9d6f-4f4c-b67f-d9a3860043ee,minecraft:skeleton,true,Skeleton,[null]
354.5,14.0,-41.5,d2429fb7-729d-4fae-918c-ecf0c91f0666,minecraft:zombie,true,Zombie,[null]
395.75,34.28048453164726,-92.84184551751208,c50e4cb2-9c46-4c4f-98f6-b8fd5b43900f,minecraft:bat,true,Bat,[null]
560.5022166730064,70.0,-186.2644608738978,012eaea3-d004-4277-aac7-3fd3aa0147b2,minecraft:sheep,true,Sheep,[null]
252.09943503498414,63.0,-117.90066541569523,ac3bbb05-b655-421c-8c79-182fef982307,minecraft:chicken,true,Chicken,[null]
435.57747450450466,68.0,-256.9373581738095,d14b4d8e-8703-4860-bae0-37ed3ba3f32c,minecraft:chicken,true,Chicken,[null]
337.37859265178116,62.69425389856547,-108.57839879161875,b3d1310a-bac2-45b0-8e4e-0ac597423816,minecraft:salmon,true,Salmon,[null]
405.70970220557285,-11.0,-23.296890224163445,7917cc2a-c163-423e-99a3-52d4aa958732,minecraft:skeleton,true,Skeleton,[null]
324.7246280172878,61.88510379582906,-99.48022895856134,d3e4b2c8-343f-4198-8390-4e2c33d52a5e,minecraft:salmon,true,Salmon,[null]
494.39887105967836,79.0,-169.6491152552438,51002166-b953-49be-a29d-ceb578962a16,minecraft:horse,true,Horse,[null]
296.83885399888635,70.0,-173.85351907395386,b091bede-56f2-4634-8f94-019a4dc72c46,minecraft:sheep,true,Sheep,[null]
481.9835775341222,72.0,-175.97204498191476,625c93fd-85f0-4579-a557-b050d6190b38,minecraft:horse,true,Horse,[null]
488.98945017208916,74.0,-175.95607727591468,fe226612-f253-4627-a5e5-c6fa7c6198c3,minecraft:horse,true,Horse,[null]
353.3662109375,67.0,-160.076904296875,260d5530-0dfd-49c2-a3bf-42f52ebde490,minecraft:item,true,Egg,[null]
400.23023821829884,66.0,-180.859066612185,e1f62d77-5471-429c-bb7d-41ca5872c6ca,minecraft:chicken,true,Chicken,[null]
377.21066571189834,67.0,64.12542652456847,90080052-cd6b-4b50-95da-a06faf074a8f,minecraft:chicken,true,Chicken,[null]
462.39911751541166,81.0,-110.13017080422544,9ed48062-8b27-4fc5-822d-404f490357ed,minecraft:chicken,true,Chicken,[null]
401.1087540345135,-40.08909397507438,-80.76812618064041,2c02d1b8-6fdb-4888-9e21-f2d1343ab6ef,minecraft:bat,true,Bat,[null]
339.5,-46.0,-32.5,408feec8-c3e8-4597-8750-53648809b3e9,minecraft:skeleton,true,Skeleton,[null]
199.5,44.0625,-78.5,7e3a2ed2-88d9-472b-b707-f0e27545dea4,minecraft:chest_minecart,true,Minecart with Chest,[null]
339.91137640131046,50.0,-70.65000000596046,5a155f00-e64a-42ad-a253-ce6c27266de5,minecraft:salmon,true,Salmon,[null]
573.1725520279999,70.0,-182.77800168907928,fe87ba8d-0acd-46ae-bd07-1ff7724b9687,minecraft:sheep,true,Sheep,[null]
318.5,-41.0,-107.5,02672525-cdbb-4bcf-b485-9f20980e964c,minecraft:zombie,true,Zombie,[null]
338.4881116194874,62.47023769369034,-108.51272608952951,77adc4a3-7ff9-49cf-b644-bafdddc060f5,minecraft:salmon,true,Salmon,[null]
328.27845236068816,-48.0,-72.71878509374922,5015db65-a9b7-4552-8b6a-54a28d1e8999,minecraft:zombie,true,Zombie,[null]
253.20000000298023,64.0,-140.30135928741336,08252021-3caf-4402-8b47-75528a5de061,minecraft:chicken,true,Chicken,[null]
254.7238633377566,63.0,-132.44777419833287,326af553-0cfa-456a-8476-d590c0310b42,minecraft:chicken,true,Chicken,[null]
371.5,-37.0,-89.5,38b398ec-8680-48de-8d69-71c1dffc9da0,minecraft:zombie,true,Zombie,[null]
460.53031723201275,1.7436382807791233,-123.79257473908365,2904911a-f3de-4566-85be-977c2841502a,minecraft:glow_squid,true,Glow Squid,[null]
302.2100552533487,69.0,-176.84389068661795,3ec1a240-d3e7-480d-a3ce-50bad47cc6a9,minecraft:sheep,true,Sheep,[null]
288.8499207670201,66.0,47.24301433721153,06d19211-dfa6-4f05-bf8e-7931a4c1f31b,minecraft:cow,true,Cow,[null]
499.8643487598228,74.0,86.81008257017645,10eadd52-e5ad-4c02-8c7b-93f589fb932e,minecraft:cow,true,Cow,[null]
317.88446524312053,63.0,58.20763175052904,2eace8ef-542f-4f3a-b9be-1184b84b0037,minecraft:chicken,true,Chicken,[null]
517.2176066475769,77.0,74.84935350155332,1a0e87f3-2c8b-4e40-b282-4cfc13593a7e,minecraft:pig,true,Pig,[null]
466.16239749833005,71.0,-191.76196514264265,aa17e22e-1167-4a2e-b3ba-4709410bf2e6,minecraft:cow,true,Cow,[null]
451.9015893432332,94.0,17.893162158119274,1b5eeefe-ecd9-433f-95dc-3e82de014463,minecraft:chicken,true,Chicken,[null]
461.51633466847636,88.0,19.584388138230867,d022e0d2-1b86-4ade-84d8-4391deb1d571,minecraft:chicken,true,Chicken,[null]
321.443703172896,59.0,-72.4437038142391,c391a0d1-3ecb-4082-92df-4d0f9c619d9d,minecraft:salmon,true,Salmon,[null]
332.4080248977597,60.00268749034064,-57.42377107226378,379e200e-44b5-402d-a47b-fd0a09f752dd,minecraft:salmon,true,Salmon,[null]
278.86849134120035,68.0,-184.26908321794787,933898aa-2fed-440c-bae9-2a463752cc2b,minecraft:villager,true,Mason,[null]
540.5,17.0625,-75.5,9fec5247-f076-47d4-9ac2-9a0731e664d2,minecraft:chest_minecart,true,Minecart with Chest,[null]
324.70357844318664,71.0,-221.60098381165898,a79c0f5a-1d59-4681-8690-8d2fafa28595,minecraft:horse,true,Horse,[null]
534.4454372141587,81.0,-196.7066469451577,b3ec83ca-0d6f-4f6f-a6a1-71d4dc34dd58,minecraft:pig,true,Pig,[null]
333.08311653696,53.037737797014415,-65.64383119996637,57ef0ce4-009e-40fa-bf45-47d3747552cb,minecraft:squid,true,Squid,[null]
569.5,12.0625,-81.5,259b3d8f-6d5b-4bfc-a3c8-607a2de9a588,minecraft:chest_minecart,true,Minecart with Chest,[null]
443.2877247381981,77.0,45.227975716678976,9ec1f064-74f8-4ca0-b79e-372cadf74669,minecraft:sheep,true,Sheep,[null]
436.94175200780455,71.0,57.68060417645244,e346b7df-8c6f-4ddb-8ca5-e9064ccd2240,minecraft:chicken,true,Chicken,[null]
437.8012477061109,72.0,54.89206540910142,483b4afb-c519-4e6e-aebc-341d493de546,minecraft:chicken,true,Chicken,[null]
462.52974698370633,87.0,42.52678805712349,01bcc52a-87a8-49f4-975d-2d752a950962,minecraft:chicken,true,Chicken,[null]
463.50880742684734,88.0,41.94519057650614,8befcc5e-598c-4ac6-bfb6-be919902e3aa,minecraft:chicken,true,Chicken,[null]
453.7694245420513,85.0,44.548363499754466,0fc0abd5-bc52-4216-b385-0e9454f6c161,minecraft:sheep,true,Sheep,[null]
173.75344407558782,66.0,64.71845510649514,430d1ea1-ed8d-47ab-ab0f-1dd50195665b,minecraft:pig,true,Pig,[null]
193.13413937129155,64.0,-22.124236209336363,bb68513b-ebaa-4e49-b936-8d857ec30015,minecraft:horse,true,Horse,[null]
200.87534076130265,64.0,-21.61476674613015,bb066f9a-7495-4e58-b59e-b419308c8590,minecraft:horse,true,Horse,[null]
201.75092643434058,64.0,-25.87052464842835,af951ea6-872b-4b8c-9c04-f922a6b15e11,minecraft:horse,true,Horse,[null]
201.17075787000618,64.0,-16.170695907944133,450e4092-e058-4308-8bdc-e6e2bd5cd866,minecraft:horse,true,Horse,[null]
454.45044097382686,68.0,-205.7530086939725,de806957-a7a2-4500-85c7-777d2cf678bb,minecraft:cow,true,Cow,[null]
567.1631362963458,87.0,51.16066263068683,41ec308b-938d-43eb-a8df-0b78c52ba188,minecraft:cow,true,Cow,[null]
329.89929639641196,61.10433410201222,-80.71239441260695,51882b36-23b5-4f35-b264-8e331841fed1,minecraft:squid,true,Squid,[null]
320.51888518649287,59.61454926972338,-72.40717586433885,f1bcf2bd-0c6b-4b0a-ae61-ab5863d17013,minecraft:salmon,true,Salmon,[null]
211.53333461263566,70.0,-157.12517871553584,f54b5131-34bd-4a29-91eb-899d8794baf8,minecraft:chicken,true,Chicken,[null]
256.7755284156725,65.9375,-174.83097529674757,fd6dd84a-0e8e-4292-963c-9d058e402b82,minecraft:cat,true,Cat,[null]
311.83026799117215,62.672076487279824,-70.41391525696963,2b7ef7a4-c47a-4bd4-be04-06742bce5da9,minecraft:squid,true,Squid,[null]
220.1016707062446,66.0,19.094049559406518,02d0a231-c94a-4c9d-8541-f0cbb25a7a74,minecraft:horse,true,Horse,[null]
237.13406181769724,70.0,43.874041598647814,bae7087c-1779-4141-ae2f-3fe110d2a262,minecraft:horse,true,Horse,[null]
266.1418381021061,67.5625,-202.01384659902325,7d4e6336-2a3d-4160-98eb-59176f36517e,minecraft:villager,true,Mason,[null]
321.24851566224334,59.699124095506654,-86.48273897341893,a3708ab7-5ae9-41b1-b98f-75408725da97,minecraft:salmon,true,Salmon,[null]
370.5,-10.0,-161.5,17fbf210-ac94-40fe-820b-7c41c6f18ca1,minecraft:spider,true,Spider,[null]
357.5,-21.0,-78.5,d1410961-8caa-46aa-ad32-07cceed9d95d,minecraft:creeper,true,Creeper,[null]
372.59999999403954,12.384068879681037,-133.59999999403954,0c4316c5-dcb9-49b4-b0a6-675f6b015162,minecraft:glow_squid,true,Glow Squid,[null]
449.0948605344346,72.0,63.86414987213583,1aba4121-3bf5-4d5c-8fa8-9b026b15f536,minecraft:chicken,true,Chicken,[null]
465.4022885200132,71.0,-190.83510693010103,e4c0d609-1bb4-430b-93f8-9f04ec50bf61,minecraft:cow,true,Cow,[null]
476.87492528642764,71.0,-188.1245944572463,4ed768a1-5f64-4d38-88e3-9262da86ccd5,minecraft:cow,true,Cow,[null]
457.39786895457655,-2.9560437325853854,-121.12250336632133,b0390373-2a8e-43b8-9cce-cb122e748c00,minecraft:glow_squid,true,Glow Squid,[null]
319.0945169203936,62.534977373741775,-72.17024767153754,959eefcf-36fb-42b2-a537-529cda96c134,minecraft:salmon,true,Salmon,[null]
245.80130200364758,67.0,58.813421713055966,c3bc872d-d68b-4419-befc-2c6563ded675,minecraft:sheep,true,Sheep,[null]
351.5004297779209,14.0,-143.15715330896575,b8561a0b-ff83-43c1-bff7-509ede395596,minecraft:creeper,true,Creeper,[null]
332.5,-45.0,-76.5,928ab88a-57a8-4fdc-9cc2-9d923bf83eb3,minecraft:creeper,true,Creeper,[null]
324.60033680142243,-37.95187262105558,-116.04999999701977,e695ec82-8994-49cd-a45c-71fa34ef1864,minecraft:bat,true,Bat,[null]
563.3437937983023,69.0,-185.01232043628733,bf67c5a0-3ae5-4a7d-9d65-714e2e27abc5,minecraft:enderman,true,Enderman,[null]
439.5,-10.0,-134.5,886a6004-c6d3-4373-9d7e-6af1a40f4a95,minecraft:skeleton,true,Skeleton,[null]
355.3622694122092,-23.9300322132229,-96.61535922990812,1238fac9-c3a1-4259-84d3-a2cebdb248bc,minecraft:bat,true,Bat,[null]
323.28472144965025,61.840264846712564,-101.64612916086178,67407415-1585-47ff-8348-d0444c421d3e,minecraft:salmon,true,Salmon,[null]
321.45887706113643,59.73582912992971,-72.36985100480518,adb503aa-a86a-4607-8fc8-ce2a7cad84c6,minecraft:salmon,true,Salmon,[null]
422.9694949935479,66.0,-247.84807473295862,2ad5bcde-43f1-460a-aab8-d68ea0a174e6,minecraft:donkey,true,Donkey,[null]
423.99882588751063,67.0,-244.85591396612088,5aaa4ce6-4ad1-4068-942b-4cc41b8fa169,minecraft:donkey,true,Donkey,[null]
462.2466572727481,72.0,65.79957581627893,5ab1ad61-abce-4d23-a628-a0e7ff602861,minecraft:sheep,true,Sheep,[null]
465.3794803803513,83.0,48.51075719975776,db2bb1b4-aef3-4aff-a4ba-8c2ec26a9ee5,minecraft:chicken,true,Chicken,[null]
349.7097446454201,-43.0,-34.489670355860774,5d1c3e77-18bb-42ed-b4bb-ae4925986331,minecraft:skeleton,true,Skeleton,[null]
557.5,18.0625,-126.5,af73190c-cee2-4aac-abef-f895be7ed018,minecraft:chest_minecart,true,Minecart with Chest,[null]
554.2358011262984,80.0,41.461977442914176,ca298e30-c21c-429c-bfa0-6ef0287f6853,minecraft:cow,true,Cow,[null]
450.58369635920315,67.0,84.02739120021307,a18be9b8-755b-4030-ad74-1ad4816bed72,minecraft:chicken,true,Chicken,[null]
455.11271576571454,68.0,82.7900665988476,38ec9d99-ad5a-4ab7-b5b5-9e7780d131af,minecraft:chicken,true,Chicken,[null]
460.21615279007415,67.0,88.49397351084617,8bcb426b-ae2a-4cf9-a193-3859d433f6ee,minecraft:chicken,true,Chicken,[null]
503.98838911477264,75.0,-191.90967398564155,45cf2cf5-2c09-4e19-9068-856387c80157,minecraft:horse,true,Horse,[null]
199.80615299530464,67.0,35.193934201433684,66e74374-5f67-471e-863b-716f8b336a02,minecraft:sheep,true,Sheep,[null]
319.7469116945077,62.39688998817453,-73.39467965081835,7450abc8-e333-4b57-a859-92b20375a864,minecraft:salmon,true,Salmon,[null]
560.0527395185673,74.0,-164.24772277477626,461db661-f709-41e0-beb4-dca59d266d54,minecraft:pig,true,Pig,[null]
390.64699763890377,47.0,-155.48411096652828,dff3b909-f5d6-4424-ad34-a1a624027115,minecraft:zombie,true,Zombie,[null]
381.19757866738814,-13.3125,-147.62285522717227,ae8a50a6-085b-4b44-bb0a-496ca8f093e4,minecraft:zombie,true,Zombie,[null]
373.57426196177244,-39.0,-62.803137832973086,6b141e19-db9b-4d5e-9496-b73f693a2d76,minecraft:creeper,true,Creeper,[null]
170.2534175330246,66.0,62.503524644959235,7597f080-dfab-4f2e-a012-9012dabb4462,minecraft:pig,true,Pig,[null]
382.5,30.0,-138.5,f798f657-0f4d-4e03-80c2-e79f27502d59,minecraft:creeper,true,Creeper,[null]
535.2401791972011,82.0,-156.50745132084012,0b54a1dc-c7b8-475b-a6bb-fef60d88317f,minecraft:pig,true,Pig,[null]
568.0,70.0,-173.0,2c6add1b-bb0c-4359-b41e-953adabb7229,minecraft:horse,true,Horse,[null]
328.9256282867864,58.873295867815614,-116.87673387303948,5c1f5a05-e7f3-4d27-86bd-fd357a52294e,minecraft:squid,true,Squid,[null]
341.16535637582535,-36.0,-82.88734312405768,bd89239f-ff6a-4311-a119-0a25b0b417bd,minecraft:skeleton,true,Skeleton,[null]
441.59999999403954,6.219283648068085,-134.5397389724385,edb83771-64da-46a4-b50c-f64660c79ac5,minecraft:glow_squid,true,Glow Squid,[null]
300.8271673140419,-28.0,-31.589477524699817,626cf57b-3017-4dc8-bbf6-f07ec30804ed,minecraft:creeper,true,Creeper,[null]
391.5,-36.0,-98.5,78d1bf1f-21a5-4e03-b2e2-0a7815dc0396,minecraft:spider,true,Spider,[null]
329.17065072532455,58.0,-109.16602731195592,e425499c-ece5-4b09-b063-46e12c5049aa,minecraft:salmon,true,Salmon,[null]
220.15107062833124,68.0,69.20483066259207,cbe25f5e-10b5-451f-8501-99a12b2c62d1,minecraft:sheep,true,Sheep,[null]
339.77720055798056,-36.0,-85.24267944937782,c2377699-f912-4499-b92c-9ff022592346,minecraft:zombie,true,Zombie,[null]
499.24681009178767,73.0,-193.80781922033174,ab3d6885-a6da-4ece-b584-c82cbba232c5,minecraft:pig,true,Pig,[null]
564.1515872462303,70.0,-170.00498351614573,3a9b2bef-5d30-4541-bad9-026115bdfac4,minecraft:horse,true,Horse,[null]
572.5077092571088,87.0,54.11951935182527,2666133c-38ee-43d9-8277-9abfd066886d,minecraft:cow,true,Cow,[null]
191.9884640370809,72.0,-197.00139291225256,bd3a7921-2584-495d-acaa-600c8442a3f9,minecraft:cat,true,Cat,[null]
353.5,-36.0,-92.5,59909131-44a3-4b1c-8703-d9d9baf53198,minecraft:skeleton,true,Skeleton,[null]
329.5,-50.0,-55.5,3c2e7285-7c01-4a77-8101-ee917e23d816,minecraft:creeper,true,Creeper,[null]
323.53390642876644,58.13985527231801,-88.85872862231058,6ab30faf-6575-4cd2-94f6-f9d2ee5ab238,minecraft:salmon,true,Salmon,[null]
182.24646687944752,66.0,72.27005009454315,552acb40-c853-4a37-8dc3-bae98c9d8732,minecraft:pig,true,Pig,[null]
177.2457022536066,67.0,68.51688012307966,54c1f47a-06e2-47ab-978d-43ca554a477b,minecraft:pig,true,Pig,[null]
574.8423518977222,71.0,-248.2213513612142,c15cb809-f8f1-4b7c-871e-f71d5eb9338c,minecraft:chicken,true,Chicken,[null]
288.5033251177594,-23.0,-48.724296615881634,f5e4ae15-741d-4426-9830-241cebe8bc13,minecraft:skeleton,true,Skeleton,[null]
353.49936128338305,16.0,-42.73126491587477,e4f30ad4-6cf4-4f86-a49a-538b830bf349,minecraft:skeleton,true,Skeleton,[null]
410.81610984194964,-47.0,-58.501995502941185,fd750ce8-2282-446d-8d87-0f930af78b28,minecraft:zombie,true,Zombie,[null]
533.2399322684737,80.0,-208.47466872729527,9f008096-e10a-4b88-ad70-3f88aecc1320,minecraft:pig,true,Pig,[null]
347.73141695111366,16.0,-128.50360704518144,b115a503-45c1-4983-91c3-4940540c68cc,minecraft:skeleton,true,Skeleton,[null]
392.7312662342958,-29.0,-4.501278306470515,a6e9337e-b468-4c82-9cb3-94d38b6b595c,minecraft:skeleton,true,Skeleton,[null]
316.81438950212345,-34.0,-37.49693368033872,33062b3f-af27-43b1-94cb-7c139c0394a5,minecraft:zombie_villager,true,Zombie Villager,[null]
382.5,-33.0,-101.5,8104319f-fe53-43c0-82b9-aecdd72279dd,minecraft:spider,true,Spider,[null]
322.5,-40.0,-106.5,0a4b1b58-a784-4830-9df3-d14b0f1a3793,minecraft:enderman,true,Enderman,[null]
517.4703050532647,70.0,102.13078938574508,f56cea92-55c8-46db-ae41-32d62cc5554f,minecraft:cow,true,Cow,[null]
522.128658382569,70.0,103.20315766958491,6aaa174f-d836-470b-81fb-55adb8cdde30,minecraft:cow,true,Cow,[null]
535.2632448816727,77.0,78.54884429061838,bed1140b-e92b-4e4f-ba1b-a0212c36fc4e,minecraft:pig,true,Pig,[null]
555.5689067741707,79.0,68.51755180505934,4ed0627c-7057-4677-92d6-bd492f53ebca,minecraft:pig,true,Pig,[null]
546.4993870775388,77.0,81.30418369855663,0c634a7b-9a1b-400e-b968-3b8d163578f3,minecraft:pig,true,Pig,[null]
324.53710503143367,57.17113698001997,-88.42701998836819,cdc1f43e-df78-4d34-9211-7d50d455a4b4,minecraft:salmon,true,Salmon,[null]
573.4994993666563,71.0,-193.21292644721774,78a2bbff-97fb-49b6-8322-51f5ab682d4e,minecraft:sheep,true,Sheep,[null]
316.8964297463547,-38.0,-45.103554930817566,2f1c6d6b-608c-4354-a338-be05e43bbee7,minecraft:spider,true,Spider,[null]
366.5,-33.0,-80.5,b8a86ba9-aea1-4cf3-99ee-4e7832231b3c,minecraft:creeper,true,Creeper,[null]
351.30000001192093,-10.899999976158142,-49.700304555628314,92cc2ab4-96b1-4df7-999d-044f61c29259,minecraft:spider,true,Spider,[null]
296.5,-27.0,-41.5,622eba79-8d2b-4af4-9907-cd8f8dbfb961,minecraft:zombie,true,Zombie,[null]
310.87059626728296,50.82572924811393,-143.25911454646848,26448dc5-3247-4a66-a6f2-0d349f8623e2,minecraft:squid,true,Squid,[null]
252.52350804389442,66.0,-262.2468205362173,c4203e8e-ba6a-412e-a0d1-b5aa4e1c3517,minecraft:pig,true,Pig,[null]
405.58292560830273,-3.0,-67.80133059042738,c92a864a-dcb4-497b-be5a-6e71df0ff542,minecraft:creeper,true,Creeper,[null]
342.5,-44.0,-30.5,63adb0c1-132f-4b74-9949-4223216c18f0,minecraft:skeleton,true,Skeleton,[null]
552.1987325878614,78.26198127144872,99.33818959508123,3acac51e-38b4-4654-88bc-68b1b853e720,minecraft:bee,true,Bee,[null]
327.5,0.0,-119.5,4b52800f-06bc-4f1b-9732-aaf2b9cd3b96,minecraft:zombie,true,Zombie,[null]
563.2068963212016,69.0,-185.21133255644875,c6bb0648-1ba9-4cd3-9ed4-e931929935f9,minecraft:sheep,true,Sheep,[null]
320.4431653095032,59.0,-72.44323777798564,5d2965af-ab68-4129-aaf5-5877f0be0202,minecraft:salmon,true,Salmon,[null]
362.5,-34.0,-80.5,60486a2f-3c42-428c-9274-b79280fdcc66,minecraft:creeper,true,Creeper,[null]
360.8729088083346,-14.448334181949372,-114.282412066884,afe10141-5d24-4f79-b118-d7bfd178e29f,minecraft:bat,true,Bat,[null]
352.4911336755998,-37.0,-78.26865558215366,65859fcc-6622-4c26-81df-d3098b2160c7,minecraft:skeleton,true,Skeleton,[null]
560.4193238518562,78.56838563164504,106.40949864278382,6dcea1b1-2a6f-4084-9545-77ad8304f6ec,minecraft:bee,true,Bee,[null]
401.3838221510468,-44.992190703664896,-71.19999999925494,0128d4c2-57be-4987-a85d-1a3fa4e0e4bc,minecraft:bat,true,Bat,[null]
564.8417121611884,87.0,46.23871383862144,f98b5c5e-60f7-4324-83b7-5186325e6e37,minecraft:cow,true,Cow,[null]
560.0844418431203,78.0,103.65000000596046,b4e350aa-2730-4dd7-b342-407ee1cb8ac0,minecraft:bee,true,Bee,[null]
349.81852939379075,28.0,-125.23762782985862,fdb66957-cbbc-45fb-82bc-8c1b52bc9a3e,minecraft:skeleton,true,Skeleton,[null]
335.5935436126164,61.82405834826745,-109.38808124820292,7ff42a5c-f218-432e-87a9-dbf24c59360f,minecraft:salmon,true,Salmon,[null]
345.03769140808095,-21.862820964068653,-84.85531368169131,87eb270c-e92b-4cd8-b7c3-7374a9957816,minecraft:bat,true,Bat,[null]
335.11358245519625,61.23304509942975,-107.48332161866685,9d5ef0fe-2f49-4a63-9f8e-80c8501c662d,minecraft:salmon,true,Salmon,[null]
355.81270769281224,0.013204286507982166,-60.96225910121477,7bc665bd-acd4-44d1-8b55-d70cb4ccf0b1,minecraft:bat,true,Bat,[null]
226.74708303573183,68.0,-268.2034779488848,658f5a53-b97d-4bf8-8f34-1b26624c8313,minecraft:pig,true,Pig,[null]
421.1502491169211,-23.0,-141.76910174374214,79f05600-5465-4304-952c-e54120265a92,minecraft:creeper,true,Creeper,[null]
396.5,-36.0,-100.5,191d64ee-2a96-49b8-946b-d74f219e106d,minecraft:zombie,true,Zombie,[null]
403.7350906531242,-44.0,-61.47351607128218,13b670be-44b5-4272-a084-b364d15d8349,minecraft:skeleton,true,Skeleton,[null]
356.5,24.0,-4.5,34373d0d-d5b2-4f21-87c5-6003da32b7c3,minecraft:zombie,true,Zombie,[null]
237.74210853205915,69.0,-260.20383688752133,7b03d152-70aa-405d-8d74-27a9d57b7442,minecraft:pig,true,Pig,[null]
326.5071298771402,62.69645098402341,-100.2979434362234,6a85686b-1be6-4c25-a058-e1e20334fa04,minecraft:salmon,true,Salmon,[null]
311.5,-33.0,-32.5,6adc5f36-4c0e-4f6d-a0ba-9a6944d5a7c5,minecraft:zombie,true,Zombie,[null]
358.25,-13.899999976158142,-123.25,00f7babc-b0b4-477e-ba1c-1995a8a81f91,minecraft:bat,true,Bat,[null]
332.5,-8.0,-65.5,cc1377f8-2137-4d9b-b993-11194651b713,minecraft:zombie,true,Zombie,[null]
394.5,-6.0,-91.5,8e3981b9-912f-4d25-990e-61dde081bd13,minecraft:skeleton,true,Skeleton,[null]
382.5,-40.0,-24.5,2cd48f9c-afba-4692-8be4-7c4fcf6853ec,minecraft:spider,true,Spider,[null]
373.5,-40.0,-21.5,0ccc8c43-81b3-400a-a8ed-ef010f4f63ff,minecraft:zombie,true,Zombie,[null]
336.0957345534116,14.308608272112906,-81.66374056320637,f586b7a4-cf9e-48c7-a20f-cd88a533de3e,minecraft:glow_squid,true,Glow Squid,[null]
362.5,-17.0,-59.5,3178cac3-bf49-4b3c-ae00-82ea6cfb3e9a,minecraft:spider,true,Spider,[null]
364.556392830079,-32.53161996715317,-16.900512084136533,2b3e96bb-0a58-4a25-a7ea-f063cc0be019,minecraft:bat,true,Bat,[null]
336.5,-14.0,-47.5,cf229fa5-60d7-4f9d-9210-64f42216b6e8,minecraft:zombie,true,Zombie,[null]
335.23458598191314,-40.14395086043674,-75.83905567325509,d056d232-915b-4e2f-8cd8-dbae37fe71df,minecraft:bat,true,Bat,[null]
336.3643571612026,-36.97233600090289,-83.44999999925494,0bc0a758-ab18-4adc-a59b-bbc6f46c9552,minecraft:bat,true,Bat,[null]
422.5,-33.0,-33.5,45a37a0a-74a6-422b-8c4d-865079cfbd67,minecraft:spider,true,Spider,[null]
